motif_id	motif_alt_id	sequence_name	start	stop	strand	score	p-value	q-value	matched_sequence
ATDATTGTTGNCAACAATCAT	MEME-1	URR	835	855	+	25.8308	2.04e-09	1.85e-06	ataattgttgttaacaataat
ATDATTGTTGNCAACAATCAT	MEME-1	URR	838	858	+	20.7846	6.03e-08	2.73e-05	attgttgttaacaataatcac
ATDATTGTTGNCAACAATCAT	MEME-1	URR	84	104	+	7.32308	1.82e-05	0.00549	tcagttgtttattacaaccac
ATDATTGTTGNCAACAATCAT	MEME-1	URR	15	35	+	-1.50769	0.000214	0.0484	ataataaatgtgaaccataag
ATDATTGTTGNCAACAATCAT	MEME-1	URR	87	107	+	-8.4	0.000989	0.179	gttgtttattacaaccacacc
ATDATTGTTGNCAACAATCAT	MEME-1	URR	887	907	+	-9.43077	0.00122	0.183	aaaaagccagctaactataaa
ATDATTGTTGNCAACAATCAT	MEME-1	URR	81	101	+	-11.5538	0.00183	0.237	gtgtcagttgtttattacaac
ATDATTGTTGNCAACAATCAT	MEME-1	URR	44	64	+	-15.4923	0.0037	0.383	actgcacctaataaaaatcac
ATDATTGTTGNCAACAATCAT	MEME-1	URR	623	643	+	-15.6615	0.00381	0.383	caagtggcaagttgtaacctg
ATDATTGTTGNCAACAATCAT	MEME-1	URR	841	861	+	-16.2769	0.00423	0.383	gttgttaacaataatcacacc
ATDATTGTTGNCAACAATCAT	MEME-1	URR	609	629	+	-18.0462	0.00565	0.432	ttaattggtgagtacaagtgg
ATDATTGTTGNCAACAATCAT	MEME-1	URR	18	38	+	-18.1538	0.00575	0.432	ataaatgtgaaccataaggta
ATDATTGTTGNCAACAATCAT	MEME-1	URR	691	711	+	-18.6308	0.0062	0.432	ctcaaggccgccttcaactag
ATDATTGTTGNCAACAATCAT	MEME-1	URR	170	190	+	-19.3846	0.00698	0.443	atggcgcctggcaccgatttc
ATDATTGTTGNCAACAATCAT	MEME-1	URR	228	248	+	-19.7077	0.00734	0.443	aagaaactgagcatcaatggg
ATDATTGTTGNCAACAATCAT	MEME-1	URR	832	852	+	-20.6769	0.00851	0.456	ggaataattgttgttaacaat
ATDATTGTTGNCAACAATCAT	MEME-1	URR	291	311	+	-20.7231	0.00857	0.456	ctgattttttattagacccat
ATDATTGTTGNCAACAATCAT	MEME-1	URR	363	383	+	-22.0154	0.0104	0.522	gtaggtataagtatcgattat
ATDATTGTTGNCAACAATCAT	MEME-1	URR	344	364	+	-22.9538	0.0119	0.567	cgcataacacggtaccacagt
ATDATTGTTGNCAACAATCAT	MEME-1	URR	135	155	+	-23.6154	0.0131	0.591	gtgcatgcattgaattattgt
ATDATTGTTGNCAACAATCAT	MEME-1	URR	750	770	+	-24.4	0.0146	0.619	aaaacggcgggaaccaatcaa
ATDATTGTTGNCAACAATCAT	MEME-1	URR	41	61	+	-24.6308	0.0151	0.619	tcaactgcacctaataaaaat
ATDATTGTTGNCAACAATCAT	MEME-1	URR	151	171	+	-25.4308	0.0168	0.656	attgtgctggccagacttcat
ATDATTGTTGNCAACAATCAT	MEME-1	URR	201	221	+	-25.6923	0.0174	0.656	gccaaaatgaataattgcttt
ATDATTGTTGNCAACAATCAT	MEME-1	URR	58	78	+	-26.2615	0.0188	0.679	aaatcacttaatagcaatgtg
ATDATTGTTGNCAACAATCAT	MEME-1	URR	715	735	+	-26.7231	0.0199	0.694	gacattcatgccaagtaggcg
ATDATTGTTGNCAACAATCAT	MEME-1	URR	504	524	+	-27.4615	0.0219	0.733	atagcggatgtctgcaccgcc
ATDATTGTTGNCAACAATCAT	MEME-1	URR	366	386	+	-28.2615	0.0243	0.733	ggtataagtatcgattatgtc
ATDATTGTTGNCAACAATCAT	MEME-1	URR	375	395	+	-28.2615	0.0243	0.733	atcgattatgtctattttagt
ATDATTGTTGNCAACAATCAT	MEME-1	URR	418	438	+	-28.2615	0.0243	0.733	gtaaaagtttccattacgctt
ATDATTGTTGNCAACAATCAT	MEME-1	URR	204	224	+	-28.6154	0.0254	0.742	aaaatgaataattgctttgtt
ATDATTGTTGNCAACAATCAT	MEME-1	URR	54	74	+	-29.6615	0.0289	0.804	ataaaaatcacttaatagcaa
ATDATTGTTGNCAACAATCAT	MEME-1	URR	216	236	+	-29.7692	0.0293	0.804	tgctttgttggcaagaaactg
ATDATTGTTGNCAACAATCAT	MEME-1	URR	288	308	+	-30.2462	0.031	0.823	gcactgattttttattagacc
ATDATTGTTGNCAACAATCAT	MEME-1	URR	65	85	+	-30.4923	0.032	0.823	ttaatagcaatgtgctgtgtc
ATDATTGTTGNCAACAATCAT	MEME-1	URR	883	903	+	-30.9538	0.0338	0.823	aaaaaaaaagccagctaacta
ATDATTGTTGNCAACAATCAT	MEME-1	URR	417	437	+	-31.2462	0.035	0.823	ggtaaaagtttccattacgct
ATDATTGTTGNCAACAATCAT	MEME-1	URR	753	773	+	-31.3692	0.0355	0.823	acggcgggaaccaatcaaaat
ATDATTGTTGNCAACAATCAT	MEME-1	URR	768	788	+	-31.3692	0.0355	0.823	caaaatgcaggattttatttc
ATDATTGTTGNCAACAATCAT	MEME-1	URR	51	71	+	-31.6923	0.0368	0.834	ctaataaaaatcacttaatag
ATDATTGTTGNCAACAATCAT	MEME-1	URR	890	910	+	-31.9077	0.0378	0.834	aagccagctaactataaaaag
ATDATTGTTGNCAACAATCAT	MEME-1	URR	334	354	+	-32.3385	0.0397	0.845	gcttttttttcgcataacacg
ATDATTGTTGNCAACAATCAT	MEME-1	URR	448	468	+	-32.4615	0.0403	0.845	ctagctctgcctctctatggt
ATDATTGTTGNCAACAATCAT	MEME-1	URR	589	609	+	-32.9385	0.0425	0.845	tttattgaagcataataggct
ATDATTGTTGNCAACAATCAT	MEME-1	URR	360	380	+	-33.0154	0.0429	0.845	acagtaggtataagtatcgat
ATDATTGTTGNCAACAATCAT	MEME-1	URR	369	389	+	-33.0308	0.0429	0.845	ataagtatcgattatgtctat
ATDATTGTTGNCAACAATCAT	MEME-1	URR	321	341	+	-34.6923	0.0516	0.886	gtgaaagcgacacgctttttt
ATDATTGTTGNCAACAATCAT	MEME-1	URR	415	435	+	-34.8308	0.0524	0.886	ctggtaaaagtttccattacg
ATDATTGTTGNCAACAATCAT	MEME-1	URR	31	51	+	-34.8615	0.0525	0.886	ataaggtaagtcaactgcacc
ATDATTGTTGNCAACAATCAT	MEME-1	URR	606	626	+	-35.1077	0.0539	0.886	ggcttaattggtgagtacaag
ATDATTGTTGNCAACAATCAT	MEME-1	URR	113	133	+	-35.2308	0.0546	0.886	cacatcctgtccagcatttgc
ATDATTGTTGNCAACAATCAT	MEME-1	URR	811	831	+	-35.5077	0.0563	0.886	gtggtgtatactttttcccat
ATDATTGTTGNCAACAATCAT	MEME-1	URR	414	434	+	-35.7231	0.0576	0.886	actggtaaaagtttccattac
ATDATTGTTGNCAACAATCAT	MEME-1	URR	285	305	+	-36.2154	0.0606	0.886	taagcactgattttttattag
ATDATTGTTGNCAACAATCAT	MEME-1	URR	408	428	+	-36.2769	0.061	0.886	accagaactggtaaaagtttc
ATDATTGTTGNCAACAATCAT	MEME-1	URR	807	827	+	-36.2923	0.0611	0.886	gtaagtggtgtatactttttc
ATDATTGTTGNCAACAATCAT	MEME-1	URR	132	152	+	-36.3077	0.0612	0.886	gcagtgcatgcattgaattat
ATDATTGTTGNCAACAATCAT	MEME-1	URR	897	917	+	-36.4923	0.0624	0.886	ctaactataaaaagctgctga
ATDATTGTTGNCAACAATCAT	MEME-1	URR	55	75	+	-36.6	0.0631	0.886	taaaaatcacttaatagcaat
ATDATTGTTGNCAACAATCAT	MEME-1	URR	630	650	+	-36.6154	0.0632	0.886	caagttgtaacctgatctcca
ATDATTGTTGNCAACAATCAT	MEME-1	URR	805	825	+	-36.6615	0.0635	0.886	acgtaagtggtgtatactttt
ATDATTGTTGNCAACAATCAT	MEME-1	URR	167	187	+	-36.7692	0.0642	0.886	ttcatggcgcctggcaccgat
ATDATTGTTGNCAACAATCAT	MEME-1	URR	776	796	+	-36.7846	0.0643	0.886	aggattttatttcaagacacg
ATDATTGTTGNCAACAATCAT	MEME-1	URR	694	714	+	-37.1231	0.0666	0.886	aaggccgccttcaactagaca
ATDATTGTTGNCAACAATCAT	MEME-1	URR	844	864	+	-37.1692	0.0669	0.886	gttaacaataatcacaccatc
ATDATTGTTGNCAACAATCAT	MEME-1	URR	78	98	+	-37.2769	0.0676	0.886	gctgtgtcagttgtttattac
ATDATTGTTGNCAACAATCAT	MEME-1	URR	587	607	+	-37.3692	0.0682	0.886	agtttattgaagcataatagg
ATDATTGTTGNCAACAATCAT	MEME-1	URR	900	920	+	-37.4615	0.0689	0.886	actataaaaagctgctgacag
ATDATTGTTGNCAACAATCAT	MEME-1	URR	5	25	+	-37.5077	0.0692	0.886	ttataaatgtataataaatgt
ATDATTGTTGNCAACAATCAT	MEME-1	URR	294	314	+	-37.5538	0.0695	0.886	attttttattagacccatctc
ATDATTGTTGNCAACAATCAT	MEME-1	URR	822	842	+	-37.6308	0.0701	0.886	tttttcccatggaataattgt
ATDATTGTTGNCAACAATCAT	MEME-1	URR	507	527	+	-37.7692	0.071	0.886	gcggatgtctgcaccgccatc
ATDATTGTTGNCAACAATCAT	MEME-1	URR	616	636	+	-37.8615	0.0717	0.886	gtgagtacaagtggcaagttg
ATDATTGTTGNCAACAATCAT	MEME-1	URR	278	298	+	-38.0308	0.0729	0.886	tgcggggtaagcactgatttt
ATDATTGTTGNCAACAATCAT	MEME-1	URR	620	640	+	-38.3385	0.0752	0.886	gtacaagtggcaagttgtaac
ATDATTGTTGNCAACAATCAT	MEME-1	URR	474	494	+	-38.4462	0.076	0.886	gaggattagacggactaccgg
ATDATTGTTGNCAACAATCAT	MEME-1	URR	12	32	+	-38.4769	0.0762	0.886	tgtataataaatgtgaaccat
ATDATTGTTGNCAACAATCAT	MEME-1	URR	2	22	+	-38.5231	0.0765	0.886	tttttataaatgtataataaa
ATDATTGTTGNCAACAATCAT	MEME-1	URR	808	828	+	-38.6308	0.0774	0.886	taagtggtgtatactttttcc
ATDATTGTTGNCAACAATCAT	MEME-1	URR	411	431	+	-39	0.0802	0.904	agaactggtaaaagtttccat
ATDATTGTTGNCAACAATCAT	MEME-1	URR	263	283	+	-39.0923	0.0809	0.904	ccggaggcggatacctgcggg
ATDATTGTTGNCAACAATCAT	MEME-1	URR	372	392	+	-39.4462	0.0837	0.908	agtatcgattatgtctatttt
ATDATTGTTGNCAACAATCAT	MEME-1	URR	626	646	+	-39.4769	0.084	0.908	gtggcaagttgtaacctgatc
ATDATTGTTGNCAACAATCAT	MEME-1	URR	847	867	+	-39.5538	0.0846	0.908	aacaataatcacaccatcacc
ATDATTGTTGNCAACAATCAT	MEME-1	URR	68	88	+	-39.6462	0.0853	0.908	atagcaatgtgctgtgtcagt
ATDATTGTTGNCAACAATCAT	MEME-1	URR	584	604	+	-40.1538	0.0895	0.937	tctagtttattgaagcataat
ATDATTGTTGNCAACAATCAT	MEME-1	URR	138	158	+	-40.4308	0.0919	0.937	catgcattgaattattgtgct
ATDATTGTTGNCAACAATCAT	MEME-1	URR	4	24	+	-40.5846	0.0932	0.937	tttataaatgtataataaatg
ATDATTGTTGNCAACAATCAT	MEME-1	URR	198	218	+	-40.6308	0.0936	0.937	tcagccaaaatgaataattgc
ATDATTGTTGNCAACAATCAT	MEME-1	URR	112	132	+	-40.7231	0.0944	0.937	acacatcctgtccagcatttg
ATDATTGTTGNCAACAATCAT	MEME-1	URR	641	661	+	-40.7692	0.0948	0.937	ctgatctccacaaagtaccgc
ATDATTGTTGNCAACAATCAT	MEME-1	URR	781	801	+	-40.8308	0.0954	0.937	tttatttcaagacacgaaacc
ATDATTGTTGNCAACAATCAT	MEME-1	URR	850	870	+	-41.1231	0.098	0.937	aataatcacaccatcaccgtt
ATDATTGTTGNCAACAATCAT	MEME-1	URR	831	851	+	-41.2308	0.0989	0.937	tggaataattgttgttaacaa
ATDATTGTTGNCAACAATCAT	MEME-1	URR	719	739	+	-41.2769	0.0993	0.937	ttcatgccaagtaggcgtaac
ATDATTGTTGNCAACAATCAT	MEME-1	URR	746	766	+	-41.2769	0.0993	0.937	ctgaaaaacggcgggaaccaa

# FIMO (Find Individual Motif Occurrences): Version 5.0.2 compiled on May 21 2024 at 23:42:54
# The format of this file is described at http://meme-suite.org/doc/fimo-output-format.html.
# fimo --oc /input/puma_out/BPV2/program_files/E1BS --norc --verbosity 1 --thresh 1.0E-1 --bgfile /data/background_model_E1BS_new.txt /data/E1BS_motif_new.txt /input/puma_out/BPV2/program_files/puma_urr.fa
